<?xml version="1.0" encoding="utf-8"?>
<objecttypes xmlns:xsi="http://www.w3.org/2001/XMLSchema-instance" xmlns:xsd="http://www.w3.org/2001/XMLSchema">
  <objecttype name="Bullet">
    <property name="MovementSpeed" type="float" default="300" />
  </objecttype>
  <objecttype name="Dust" />
  <objecttype name="Rock">
    <property name="SpriteTexture" type="Texture2D" />
    <property name="CircleInstanceRadius" type="float" default="6" />
    <property name="NumberOfRocksToBreakInto" type="int" default="2" />
    <property name="RandomSpeedOnBreak" type="int" default="50" />
    <property name="PointsWorth" type="int" default="10" />
  </objecttype>
</objecttypes>